[{"type":"wrapper","sort_order":"1","specific_class":"container","id_unique":"it_EFTHFMJIOBGF","child":[{"type":"row","sort_order":"1","specific_class":"stick-up align-center lg-revers","id_unique":"it_KNXJQRZFHIHS","child":[{"type":"col","sort_order":"1","specific_class":"position-static","col_xs":"col-xs-12","col_sm":"","col_md":"","col_lg":"col-lg-5","id_unique":"it_AMTYCYPFCXFN","child":[{"type":"module","sort_order":"1","specific_class":"","module_name":"tmmegamenu","id_unique":"it_QPRKQNUJKFYE","origin_hook":"displayTop","child":false}]},{"type":"col","sort_order":"2","specific_class":"text-center","col_xs":"col-xs-12","col_sm":"","col_md":"","col_lg":"col-lg-2","id_unique":"it_XMVTABJHHPEF","child":[{"type":"block","sort_order":"1","specific_class":"","module_name":"logo","id_unique":"it_EINSWERHXRGH","child":false}]},{"type":"col","sort_order":"3","specific_class":"icon-links","col_xs":"col-xs-12","col_sm":"","col_md":"","col_lg":"col-lg-5","id_unique":"it_EERXOXPKCSNC","child":[{"type":"module","sort_order":"6","specific_class":"","module_name":"blockcart","id_unique":"it_MCHWEGLENDIH","origin_hook":"displayTop","child":false},{"type":"row","sort_order":"5","specific_class":"wishlist-button","id_unique":"it_NUDQRJJUUQHN","child":false},{"type":"module","sort_order":"4","specific_class":"","module_name":"tmsearch","id_unique":"it_PCXOFVUYZWFG","origin_hook":"displayTop","child":false},{"type":"module","sort_order":"3","specific_class":"","module_name":"tmheaderaccount","id_unique":"it_NKHNWZBCRQSZ","origin_hook":"displayNav","child":false},{"type":"module","sort_order":"2","specific_class":"","module_name":"blockcurrencies","id_unique":"it_VOLJDYDEPOYA","origin_hook":"displayNav","child":false},{"type":"module","sort_order":"1","specific_class":"","module_name":"blocklanguages","id_unique":"it_WLSBKAMJAUCQ","origin_hook":"displayNav","child":false}]}]}]},{"type":"row","sort_order":"2","specific_class":"","id_unique":"it_SXBIKXSRPWHW","child":[{"type":"col","sort_order":"1","specific_class":"","col_xs":"col-xs-12","col_sm":"","col_md":"","col_lg":"","id_unique":"it_RAOXNOBWOGRV","child":[{"type":"module","sort_order":"1","specific_class":"","module_name":"pagesnotfound","id_unique":"it_AKZPKXNYEHYF","origin_hook":"displayTop","child":false},{"type":"module","sort_order":"2","specific_class":"","module_name":"sekeywords","id_unique":"it_OSTCNNQTTEHO","origin_hook":"displayTop","child":false}]}]}]