[{"type":"wrapper","sort_order":"1","specific_class":"container header-absolute","id_unique":"it_QTUNRSMEIWOR","child":[{"type":"row","sort_order":"1","specific_class":"stick-up align-center","id_unique":"it_MRYPHZPETZYW","child":[{"type":"col","sort_order":"1","specific_class":"","col_xs":"col-xs-12","col_sm":"","col_md":"","col_lg":"col-lg-2","id_unique":"it_JXDQSNAOUNZE","child":[{"type":"block","sort_order":"1","specific_class":"","module_name":"logo","id_unique":"it_USSZPBBIXCJH","child":false}]},{"type":"col","sort_order":"2","specific_class":"position-static","col_xs":"col-xs-12","col_sm":"","col_md":"","col_lg":"col-lg-5","id_unique":"it_XHCCEJQYNSIA","child":[{"type":"module","sort_order":"1","specific_class":"","module_name":"tmmegamenu","id_unique":"it_MVFYEGMMHKER","origin_hook":"displayTop","child":false}]},{"type":"col","sort_order":"3","specific_class":"","col_xs":"col-xs-12","col_sm":"","col_md":"","col_lg":"col-lg-3","id_unique":"it_FWHTEWJFCUGY","child":[{"type":"module","sort_order":"1","specific_class":"","module_name":"tmheaderaccount","id_unique":"it_HJWRYMRBGCKZ","origin_hook":"displayNav","child":false},{"type":"module","sort_order":"2","specific_class":"","module_name":"blocklanguages","id_unique":"it_NDSJWTIFQKZD","origin_hook":"displayNav","child":false},{"type":"module","sort_order":"3","specific_class":"","module_name":"blockcurrencies","id_unique":"it_DHMXOYLZSUDR","origin_hook":"displayNav","child":false}]},{"type":"col","sort_order":"4","specific_class":"icon-links","col_xs":"col-xs-12","col_sm":"","col_md":"","col_lg":"col-lg-2","id_unique":"it_OSTIGRJQLKDA","child":[{"type":"module","sort_order":"1","specific_class":"","module_name":"tmsearch","id_unique":"it_OHBDKFKTKFEE","origin_hook":"displayTop","child":false},{"type":"row","sort_order":"2","specific_class":"wishlist-button","id_unique":"it_GLIAMZCVAISP","child":false},{"type":"module","sort_order":"3","specific_class":"","module_name":"blockcart","id_unique":"it_JYRUDRALEUKF","origin_hook":"displayTop","child":false}]}]}]},{"type":"row","sort_order":"2","specific_class":"","id_unique":"it_EAQNRZCEZGFP","child":[{"type":"col","sort_order":"1","specific_class":"","col_xs":"col-xs-12","col_sm":"","col_md":"","col_lg":"","id_unique":"it_UKYZRZYGJRAD","child":[{"type":"module","sort_order":"1","specific_class":"","module_name":"pagesnotfound","id_unique":"it_EJYCDDUTUEHW","origin_hook":"displayTop","child":false},{"type":"module","sort_order":"2","specific_class":"","module_name":"sekeywords","id_unique":"it_EBMYKQQPCPUG","origin_hook":"displayTop","child":false}]}]}]