[{"type":"row","sort_order":"1","specific_class":"full-width gray-background","id_unique":"it_SNECPERUSVHI","child":[{"type":"col","sort_order":"1","specific_class":"container","col_xs":"","col_sm":"","col_md":"","col_lg":"col-lg-12","id_unique":"it_INQHSRWXJSYJ","child":[{"type":"module","sort_order":"1","specific_class":"","module_name":"tmmosaicproducts","id_unique":"it_HPYTTLAERGDY","origin_hook":"displayHome","child":false}]}]},{"type":"wrapper","sort_order":"2","specific_class":"container","id_unique":"it_RNKWWBPYUMZA","child":[{"type":"row","sort_order":"1","specific_class":"","id_unique":"it_GNKCZTAKKRUE","child":[{"type":"col","sort_order":"1","specific_class":"","col_xs":"col-xs-12","col_sm":"","col_md":"","col_lg":"","id_unique":"it_CDHEEWRNBHRI","child":[{"type":"module","sort_order":"1","specific_class":"","module_name":"homefeatured","id_unique":"it_ZJRWUYIDNGSL","origin_hook":"displayHome","child":false}]}]}]},{"type":"row","sort_order":"3","specific_class":"home-parallax-1","id_unique":"it_LXVXAYGGPOQQ","child":[{"type":"col","sort_order":"1","specific_class":"","col_xs":"col-xs-12","col_sm":"","col_md":"","col_lg":"","id_unique":"it_CPVCSDMNUXIL","child":false}]},{"type":"wrapper","sort_order":"4","specific_class":"container","id_unique":"it_CHDXVVLDKUAL","child":[{"type":"row","sort_order":"1","specific_class":"","id_unique":"it_PQFGQTJZNNAD","child":[{"type":"col","sort_order":"1","specific_class":"","col_xs":"col-xs-12","col_sm":"","col_md":"","col_lg":"","id_unique":"it_CNOGFEUIACBP","child":[{"type":"module","sort_order":"1","specific_class":"","module_name":"smartbloghomelatestnews","id_unique":"it_EPULYKQQXJMF","origin_hook":"displayHome","child":false}]}]}]}]