[{"type":"wrapper","sort_order":"1","specific_class":"container nav-section dark-background","id_unique":"it_IOQCWKQTFKVC","child":[{"type":"row","sort_order":"1","specific_class":"","id_unique":"it_JUWITXBITQBA","child":[{"type":"col","sort_order":"1","specific_class":"","col_xs":"col-xs-12","col_sm":"","col_md":"","col_lg":"col-lg-6","id_unique":"it_WXMEOHJMOITI","child":[{"type":"module","sort_order":"1","specific_class":"","module_name":"blockpermanentlinks","id_unique":"it_OFEEGFDJWOXQ","origin_hook":"displayTop","child":false}]},{"type":"col","sort_order":"2","specific_class":"text-right","col_xs":"col-xs-12","col_sm":"","col_md":"","col_lg":"col-lg-6","id_unique":"it_ZJXTWCOYGDSA","child":[{"type":"module","sort_order":"1","specific_class":"","module_name":"blocklanguages","id_unique":"it_JYSLDDJGCKRE","origin_hook":"displayNav","child":false},{"type":"module","sort_order":"2","specific_class":"","module_name":"blockcurrencies","id_unique":"it_OCZGWXGAFIUJ","origin_hook":"displayNav","child":false}]}]}]},{"type":"wrapper","sort_order":"2","specific_class":"container padding-none","id_unique":"it_TOKJLIKUXPAD","child":[{"type":"row","sort_order":"1","specific_class":"stick-up align-center","id_unique":"it_UOODSSHFMMQR","child":[{"type":"col","sort_order":"1","specific_class":"","col_xs":"col-xs-12","col_sm":"","col_md":"","col_lg":"col-lg-2","id_unique":"it_BYIFZYFHBDQE","child":[{"type":"block","sort_order":"1","specific_class":"","module_name":"logo","id_unique":"it_FFFPAJHWHLNU","child":false}]},{"type":"col","sort_order":"2","specific_class":"position-static menu-offset-1","col_xs":"col-xs-12","col_sm":"","col_md":"","col_lg":"col-lg-7","id_unique":"it_LIXFYNHKWBDW","child":[{"type":"module","sort_order":"1","specific_class":"","module_name":"tmmegamenu","id_unique":"it_HQQTJUSULEFG","origin_hook":"displayTop","child":false}]},{"type":"col","sort_order":"3","specific_class":"icon-links","col_xs":"col-xs-12","col_sm":"","col_md":"","col_lg":"col-lg-3","id_unique":"it_VIXEPCPBCOEI","child":[{"type":"module","sort_order":"1","specific_class":"","module_name":"tmheaderaccount","id_unique":"it_IHRFUFFQVJMX","origin_hook":"displayNav","child":false},{"type":"module","sort_order":"2","specific_class":"","module_name":"tmsearch","id_unique":"it_JDRFVHIBTEIY","origin_hook":"displayTop","child":false},{"type":"row","sort_order":"3","specific_class":"wishlist-button","id_unique":"it_SCXCPAULIWGU","child":false},{"type":"module","sort_order":"4","specific_class":"","module_name":"blockcart","id_unique":"it_RCTYWXUZQOPR","origin_hook":"displayTop","child":false}]}]}]},{"type":"row","sort_order":"3","specific_class":"","id_unique":"it_TIAOGRHQUUIT","child":[{"type":"col","sort_order":"1","specific_class":"","col_xs":"col-xs-12","col_sm":"","col_md":"","col_lg":"","id_unique":"it_VBGOYWTDMEKV","child":[{"type":"module","sort_order":"1","specific_class":"","module_name":"pagesnotfound","id_unique":"it_FJRZHUCQHRYZ","origin_hook":"displayTop","child":false},{"type":"module","sort_order":"2","specific_class":"","module_name":"sekeywords","id_unique":"it_KFUGIPBSPECR","origin_hook":"displayTop","child":false}]}]}]