[{"type":"wrapper","sort_order":"1","specific_class":"container","id_unique":"it_TPTWOFSOAJJE","child":[{"type":"row","sort_order":"1","specific_class":"","id_unique":"it_CQXVZFPUULIX","child":[{"type":"col","sort_order":"1","specific_class":"","col_xs":"col-xs-12","col_sm":"col-sm-3","col_md":"","col_lg":"","id_unique":"it_YSEQBNNUIRAY","child":[{"type":"module","sort_order":"1","specific_class":"","module_name":"blockcms","id_unique":"it_TTPQIDSPKMDA","origin_hook":"displayFooter","child":false}]},{"type":"col","sort_order":"2","specific_class":"","col_xs":"col-xs-12","col_sm":"col-sm-3","col_md":"","col_lg":"","id_unique":"it_LQGGCDPEIWIP","child":[{"type":"module","sort_order":"1","specific_class":"","module_name":"blockcategories","id_unique":"it_BJNDKXRGYEGM","origin_hook":"displayFooter","child":false}]},{"type":"col","sort_order":"3","specific_class":"","col_xs":"col-xs-12","col_sm":"col-sm-3","col_md":"","col_lg":"","id_unique":"it_NTTMLWKRUQAV","child":[{"type":"module","sort_order":"1","specific_class":"","module_name":"blockmyaccountfooter","id_unique":"it_RMCTNTFTOYWT","origin_hook":"displayFooter","child":false}]},{"type":"col","sort_order":"4","specific_class":"","col_xs":"col-xs-12","col_sm":"col-sm-3","col_md":"","col_lg":"","id_unique":"it_SHWDGYLSBUAC","child":[{"type":"module","sort_order":"1","specific_class":"","module_name":"blockcontactinfos","id_unique":"it_IYTVSQPCVKAN","origin_hook":"displayFooter","child":false}]}]},{"type":"row","sort_order":"2","specific_class":"","id_unique":"it_KFXXEOGZDKHJ","child":[{"type":"col","sort_order":"1","specific_class":"","col_xs":"col-xs-12","col_sm":"col-sm-6","col_md":"","col_lg":"","id_unique":"it_KXBZZVUXTCTS","child":[{"type":"block","sort_order":"1","specific_class":"","module_name":"copyright","id_unique":"it_IBXDFDUQMQUR","child":false}]},{"type":"col","sort_order":"2","specific_class":"","col_xs":"col-xs-12","col_sm":"col-sm-6","col_md":"","col_lg":"","id_unique":"it_KFKKFENACEAT","child":[{"type":"module","sort_order":"1","specific_class":"","module_name":"blockpaymentlogo","id_unique":"it_SVJAOQXAHPEG","origin_hook":"displayFooter","child":false}]}]}]},{"type":"row","sort_order":"2","specific_class":"","id_unique":"it_RFUJJSZRDORI","child":[{"type":"col","sort_order":"1","specific_class":"","col_xs":"col-xs-12","col_sm":"","col_md":"","col_lg":"","id_unique":"it_QWAUAPHZDSOV","child":[{"type":"module","sort_order":"1","specific_class":"","module_name":"blocklayered","id_unique":"it_TOFQWRRWBACN","origin_hook":"displayFooter","child":false},{"type":"module","sort_order":"2","specific_class":"","module_name":"statsdata","id_unique":"it_FAUTMLANGXUT","origin_hook":"displayFooter","child":false},{"type":"module","sort_order":"3","specific_class":"","module_name":"themeconfigurator","id_unique":"it_ILYXEDNOETSX","origin_hook":"displayFooter","child":false},{"type":"module","sort_order":"4","specific_class":"","module_name":"tmnewsletter","id_unique":"it_WAHJLIPAMFHC","origin_hook":"displayFooter","child":false},{"type":"module","sort_order":"5","specific_class":"","module_name":"tmolarkchat","id_unique":"it_MLYAKHCFYZCW","origin_hook":"displayFooter","child":false}]}]}]