[{"type":"row","sort_order":"1","specific_class":"","id_unique":"it_QXTDBTCVREPZ","child":[{"type":"col","sort_order":"1","specific_class":"","col_xs":"col-xs-12","col_sm":"","col_md":"","col_lg":"","id_unique":"it_QVOMRMKXYGAG","child":[{"type":"module","sort_order":"1","specific_class":"","module_name":"homeslider","id_unique":"it_JUHOZJFVAKOX","origin_hook":"displayTopColumn","child":false}]}]},{"type":"wrapper","sort_order":"2","specific_class":"container","id_unique":"it_OBSEJMDBAABD","child":[{"type":"row","sort_order":"1","specific_class":"","id_unique":"it_BTGFJLHIYBXP","child":[{"type":"col","sort_order":"1","specific_class":"","col_xs":"col-xs-12","col_sm":"","col_md":"","col_lg":"","id_unique":"it_IDVAYWNQWMQD","child":[{"type":"module","sort_order":"1","specific_class":"","module_name":"themeconfigurator","id_unique":"it_YWRILRFHCPLC","origin_hook":"displayTopColumn","child":false}]}]}]}]