[{"type":"wrapper","sort_order":"1","specific_class":"gray-background container","id_unique":"it_GSJWHDBPBDVT","child":[{"type":"row","sort_order":"1","specific_class":"","id_unique":"it_WHHJRRYAIKGK","child":[{"type":"col","sort_order":"1","specific_class":"col-md-offset-1 col-lg-offset-3","col_xs":"col-xs-12","col_sm":"","col_md":"col-md-10","col_lg":"col-lg-7","id_unique":"it_KUCAWVHLLELC","child":[{"type":"module","sort_order":"1","specific_class":"","module_name":"blocknewsletter","id_unique":"it_ESLJZKTSQBLX","origin_hook":"displayFooter","child":false}]}]},{"type":"row","sort_order":"2","specific_class":"","id_unique":"it_IZRNQNHWLDSU","child":[{"type":"col","sort_order":"1","specific_class":"col-lg-offset-1","col_xs":"col-xs-12","col_sm":"","col_md":"","col_lg":"col-lg-10","id_unique":"it_HQVFJDWLMILG","child":[{"type":"row","sort_order":"1","specific_class":"","id_unique":"it_ILWIPVGRTLUJ","child":[{"type":"col","sort_order":"1","specific_class":"","col_xs":"col-xs-12","col_sm":"col-sm-3","col_md":"","col_lg":"","id_unique":"it_NIGBSOHJSVEE","child":[{"type":"module","sort_order":"1","specific_class":"","module_name":"blockcms","id_unique":"it_IYWLWUDXCTNF","origin_hook":"displayFooter","child":false}]},{"type":"col","sort_order":"2","specific_class":"","col_xs":"col-xs-12","col_sm":"col-sm-3","col_md":"","col_lg":"","id_unique":"it_FVDMPNUVVESJ","child":[{"type":"module","sort_order":"1","specific_class":"","module_name":"blockcategories","id_unique":"it_JALAHGZNTLGC","origin_hook":"displayFooter","child":false}]},{"type":"col","sort_order":"3","specific_class":"","col_xs":"col-xs-12","col_sm":"col-sm-3","col_md":"","col_lg":"","id_unique":"it_VWAJACYNONVH","child":[{"type":"module","sort_order":"1","specific_class":"","module_name":"blockmyaccountfooter","id_unique":"it_ACDDQYYERSMI","origin_hook":"displayFooter","child":false}]},{"type":"col","sort_order":"4","specific_class":"","col_xs":"col-xs-12","col_sm":"col-sm-3","col_md":"","col_lg":"","id_unique":"it_HXEPMOYIMDPQ","child":[{"type":"module","sort_order":"1","specific_class":"","module_name":"blocksocial","id_unique":"it_GYDWZKCOMQMJ","origin_hook":"displayFooter","child":false}]}]}]}]}]},{"type":"row","sort_order":"2","specific_class":"black-background","id_unique":"it_ZHSZBCTYGLSP","child":[{"type":"col","sort_order":"1","specific_class":"text-center","col_xs":"col-xs-12","col_sm":"","col_md":"","col_lg":"","id_unique":"it_TQLWZUSZBNBP","child":[{"type":"block","sort_order":"1","specific_class":"","module_name":"copyright","id_unique":"it_OQPUGZEJGYRA","child":false}]}]},{"type":"row","sort_order":"3","specific_class":"","id_unique":"it_CKOWKNEFFTRB","child":[{"type":"col","sort_order":"1","specific_class":"","col_xs":"col-xs-12","col_sm":"","col_md":"","col_lg":"","id_unique":"it_VZITIWRDDPJX","child":[{"type":"module","sort_order":"1","specific_class":"","module_name":"blocklayered","id_unique":"it_EDXCILLGITOK","origin_hook":"displayFooter","child":false},{"type":"module","sort_order":"2","specific_class":"","module_name":"statsdata","id_unique":"it_CKCNCQAVXSPN","origin_hook":"displayFooter","child":false},{"type":"module","sort_order":"3","specific_class":"","module_name":"themeconfigurator","id_unique":"it_GDNKMBACKKFM","origin_hook":"displayFooter","child":false},{"type":"module","sort_order":"4","specific_class":"","module_name":"tmnewsletter","id_unique":"it_VPOLEDQJUTYT","origin_hook":"displayFooter","child":false},{"type":"module","sort_order":"5","specific_class":"","module_name":"tmolarkchat","id_unique":"it_VXMEUAJUCLSB","origin_hook":"displayFooter","child":false}]}]}]