[{"type":"wrapper","sort_order":"1","specific_class":"container gray-background","id_unique":"it_XNYISMQTRMPS","child":[{"type":"row","sort_order":"1","specific_class":"","id_unique":"it_NLYNOOMCVUGE","child":[{"type":"col","sort_order":"1","specific_class":"col-lg-offset-1","col_xs":"col-xs-12","col_sm":"","col_md":"","col_lg":"col-lg-10","id_unique":"it_IXKRTZSKARMA","child":[{"type":"row","sort_order":"1","specific_class":"","id_unique":"it_JLDITOUDCTAV","child":[{"type":"col","sort_order":"1","specific_class":"","col_xs":"col-xs-12","col_sm":"col-sm-3","col_md":"","col_lg":"","id_unique":"it_ETSZLGFUFRSS","child":[{"type":"module","sort_order":"1","specific_class":"","module_name":"blockcms","id_unique":"it_GVFHJMSTWYSN","origin_hook":"displayFooter","child":false}]},{"type":"col","sort_order":"2","specific_class":"","col_xs":"col-xs-12","col_sm":"col-sm-3","col_md":"","col_lg":"","id_unique":"it_EWFYTVGXIGPR","child":[{"type":"module","sort_order":"1","specific_class":"","module_name":"blockcategories","id_unique":"it_BYIWFIVWTJMQ","origin_hook":"displayFooter","child":false}]},{"type":"col","sort_order":"3","specific_class":"","col_xs":"col-xs-12","col_sm":"col-sm-3","col_md":"","col_lg":"","id_unique":"it_SDUGTZWRGEBZ","child":[{"type":"module","sort_order":"1","specific_class":"","module_name":"blockmyaccountfooter","id_unique":"it_EROCDZDTHDVA","origin_hook":"displayFooter","child":false}]},{"type":"col","sort_order":"4","specific_class":"","col_xs":"col-xs-12","col_sm":"col-sm-3","col_md":"","col_lg":"","id_unique":"it_TNXRBDGTUXBB","child":[{"type":"module","sort_order":"1","specific_class":"","module_name":"blockcontactinfos","id_unique":"it_DFNCKJYJBRFV","origin_hook":"displayFooter","child":false},{"type":"module","sort_order":"2","specific_class":"without-heading","module_name":"blocksocial","id_unique":"it_RHHSIIXBTJAT","origin_hook":"displayFooter","child":false}]}]}]}]}]},{"type":"wrapper","sort_order":"2","specific_class":"gray-background-2","id_unique":"it_PUNVYTPSBRUF","child":[{"type":"row","sort_order":"1","specific_class":"full-width","id_unique":"it_CCJERTXQFJVV","child":[{"type":"col","sort_order":"1","specific_class":"container text-center","col_xs":"","col_sm":"","col_md":"","col_lg":"col-lg-12","id_unique":"it_BWEVEEGLIKJS","child":[{"type":"block","sort_order":"1","specific_class":"","module_name":"copyright","id_unique":"it_QWLPTVQKVMWD","child":false}]}]}]},{"type":"row","sort_order":"3","specific_class":"","id_unique":"it_XICTWRGWJLRA","child":[{"type":"col","sort_order":"1","specific_class":"","col_xs":"col-xs-12","col_sm":"","col_md":"","col_lg":"","id_unique":"it_COLKGYRZCUYN","child":[{"type":"module","sort_order":"1","specific_class":"","module_name":"blocklayered","id_unique":"it_SMHHEJVYEKRX","origin_hook":"displayFooter","child":false},{"type":"module","sort_order":"2","specific_class":"","module_name":"statsdata","id_unique":"it_XZSOGKIFQKVN","origin_hook":"displayFooter","child":false},{"type":"module","sort_order":"3","specific_class":"","module_name":"themeconfigurator","id_unique":"it_RAQCPJVWQJMT","origin_hook":"displayFooter","child":false},{"type":"module","sort_order":"4","specific_class":"","module_name":"tmnewsletter","id_unique":"it_IQBQQIDJQAOP","origin_hook":"displayFooter","child":false},{"type":"module","sort_order":"5","specific_class":"","module_name":"tmolarkchat","id_unique":"it_PBOZMRXQAGOS","origin_hook":"displayFooter","child":false}]}]}]