[{"type":"wrapper","sort_order":"1","specific_class":"container","id_unique":"it_IOPBNIXJPTSH","child":[{"type":"row","sort_order":"1","specific_class":"","id_unique":"it_IYERUJYZCHEE","child":[{"type":"col","sort_order":"1","specific_class":"","col_xs":"col-xs-12","col_sm":"","col_md":"","col_lg":"","id_unique":"it_RIKKBWTRRRIR","child":[{"type":"module","sort_order":"1","specific_class":"","module_name":"tmlookbookhomepage","id_unique":"it_GCXZDEEVQWEW","origin_hook":"displayHome","child":false},{"type":"row","sort_order":"3","specific_class":"full-width","id_unique":"it_UDOLTUZQXPSB","child":[{"type":"col","sort_order":"1","specific_class":"container","col_xs":"","col_sm":"","col_md":"","col_lg":"col-lg-12","id_unique":"it_IWBOFBCDQCVE","child":[{"type":"module","sort_order":"1","specific_class":"","module_name":"tmcategoryproducts","id_unique":"it_MSPVINDYJEFE","origin_hook":"displayHome","child":false}]}]},{"type":"module","sort_order":"4","specific_class":"","module_name":"themeconfigurator","id_unique":"it_VTCSNLVKHNYP","origin_hook":"displayHome","child":false},{"type":"module","sort_order":"5","specific_class":"","module_name":"homefeatured","id_unique":"it_GDMOSMIJONCA","origin_hook":"displayHome","child":false}]}]}]},{"type":"row","sort_order":"2","specific_class":"full-width gray-background","id_unique":"it_OPWGUJRUMYTQ","child":[{"type":"col","sort_order":"1","specific_class":"container","col_xs":"","col_sm":"","col_md":"","col_lg":"col-lg-12","id_unique":"it_SFDFIFVOWUTI","child":[{"type":"module","sort_order":"1","specific_class":"","module_name":"tmsocialfeeds","id_unique":"it_CHRVAJTQIOWH","origin_hook":"displayHome","child":false}]}]}]