[{"type":"row","sort_order":"1","specific_class":"","id_unique":"it_TUEEJTTZCXIQ","child":[{"type":"col","sort_order":"1","specific_class":"","col_xs":"col-xs-12","col_sm":"","col_md":"","col_lg":"","id_unique":"it_ZADUEYIOFYDJ","child":[{"type":"module","sort_order":"1","specific_class":"","module_name":"crossselling","id_unique":"it_VYKXBPRBJICM","origin_hook":"displayFooterProduct","child":false}]}]},{"type":"row","sort_order":"2","specific_class":"full-width","id_unique":"it_DGUQBOHJFTIT","child":[{"type":"col","sort_order":"1","specific_class":"container productscategory-type-2","col_xs":"","col_sm":"","col_md":"","col_lg":"col-lg-12","id_unique":"it_WYCRLHZQMSHY","child":[{"type":"module","sort_order":"1","specific_class":"","module_name":"productscategory","id_unique":"it_QHARDXNNBYZW","origin_hook":"displayFooterProduct","child":false}]}]},{"type":"row","sort_order":"3","specific_class":"","id_unique":"it_XEKGTIKLXYLA","child":[{"type":"col","sort_order":"1","specific_class":"","col_xs":"col-xs-12","col_sm":"","col_md":"","col_lg":"","id_unique":"it_DJEHRQUVYDJK","child":[{"type":"module","sort_order":"1","specific_class":"","module_name":"tmrelatedproducts","id_unique":"it_RBCOYSMFJQZU","origin_hook":"displayFooterProduct","child":false}]}]}]