[{"type":"row","sort_order":"1","specific_class":"","id_unique":"it_EVWDAJBRJQWS","child":[{"type":"col","sort_order":"1","specific_class":"","col_xs":"col-xs-12","col_sm":"","col_md":"","col_lg":"","id_unique":"it_TIRNSIYFVTBJ","child":[{"type":"module","sort_order":"1","specific_class":"","module_name":"tmhomepagecategorygallery","id_unique":"it_MNYPPAXARLRJ","origin_hook":"displayHome","child":false}]}]},{"type":"wrapper","sort_order":"2","specific_class":"container","id_unique":"it_FWIYYJUCCORU","child":[{"type":"row","sort_order":"1","specific_class":"","id_unique":"it_LHIOTOUHNPFG","child":[{"type":"col","sort_order":"1","specific_class":"featured-product-carousel","col_xs":"col-xs-12","col_sm":"","col_md":"","col_lg":"","id_unique":"it_SSOSXERJXQCU","child":[{"type":"module","sort_order":"1","specific_class":"","module_name":"homefeatured","id_unique":"it_MRCMIVMZABTY","origin_hook":"displayHome","child":false}]}]}]},{"type":"row","sort_order":"3","specific_class":"home-parallax-2 white-text","id_unique":"it_RAXVTIEZKEZP","child":[{"type":"col","sort_order":"1","specific_class":"","col_xs":"col-xs-12","col_sm":"","col_md":"","col_lg":"","id_unique":"it_IJFOASHHYXYS","child":false}]},{"type":"row","sort_order":"4","specific_class":"","id_unique":"it_PBXQRGATPFMC","child":[{"type":"col","sort_order":"1","specific_class":"smartblog-type-2","col_xs":"col-xs-12","col_sm":"","col_md":"","col_lg":"","id_unique":"it_AEJKYIUZAXQW","child":[{"type":"module","sort_order":"1","specific_class":"","module_name":"smartbloghomelatestnews","id_unique":"it_OTABQRZDXPXM","origin_hook":"displayHome","child":false}]}]},{"type":"wrapper","sort_order":"5","specific_class":"container","id_unique":"it_RVOYMSQKVVDR","child":[{"type":"row","sort_order":"1","specific_class":"","id_unique":"it_UHZLQCBGNAFO","child":[{"type":"col","sort_order":"1","specific_class":"","col_xs":"col-xs-12","col_sm":"","col_md":"","col_lg":"","id_unique":"it_JHFVYRCUFWJA","child":[{"type":"module","sort_order":"1","specific_class":"","module_name":"tmmanufacturerblock","id_unique":"it_ZZCSJDQULXEZ","origin_hook":"displayHome","child":false}]}]}]}]