[{"type":"wrapper","sort_order":"1","specific_class":"dark-background","id_unique":"it_BQXQWOOGPLXH","child":[{"type":"row","sort_order":"1","specific_class":"full-width","id_unique":"it_CFBBSOWFTIGU","child":[{"type":"col","sort_order":"1","specific_class":"container","col_xs":"","col_sm":"","col_md":"","col_lg":"col-lg-12","id_unique":"it_MJBPWBVLEHBP","child":[{"type":"row","sort_order":"1","specific_class":"","id_unique":"it_FRKQCOGJENCL","child":[{"type":"col","sort_order":"1","specific_class":"without-heading","col_xs":"col-xs-12","col_sm":"col-sm-3","col_md":"","col_lg":"","id_unique":"it_CCUBLHOUSEUD","child":[{"type":"module","sort_order":"2","specific_class":"","module_name":"blockcontactinfos","id_unique":"it_BHXAEJPCNDTG","origin_hook":"displayFooter","child":false},{"type":"module","sort_order":"3","specific_class":"","module_name":"blocksocial","id_unique":"it_PAHHATLUOQUU","origin_hook":"displayFooter","child":false},{"type":"module","sort_order":"1","specific_class":"","module_name":"tmhtmlcontent","id_unique":"it_THWLAQUQJEPV","origin_hook":"displayFooter","child":false}]},{"type":"col","sort_order":"2","specific_class":"","col_xs":"col-xs-12","col_sm":"col-sm-3","col_md":"","col_lg":"","id_unique":"it_EZPBNLZYIJUY","child":[{"type":"module","sort_order":"1","specific_class":"","module_name":"blockcms","id_unique":"it_BVRGEGSBDAYE","origin_hook":"displayFooter","child":false}]},{"type":"col","sort_order":"3","specific_class":"","col_xs":"col-xs-12","col_sm":"col-sm-3","col_md":"","col_lg":"","id_unique":"it_RNTDKWIKCKNV","child":[{"type":"module","sort_order":"1","specific_class":"","module_name":"blockcategories","id_unique":"it_OUUJDDVUTUVL","origin_hook":"displayFooter","child":false}]},{"type":"col","sort_order":"4","specific_class":"","col_xs":"col-xs-12","col_sm":"col-sm-3","col_md":"","col_lg":"","id_unique":"it_OQDGAJSACOXM","child":[{"type":"module","sort_order":"1","specific_class":"","module_name":"blockmyaccountfooter","id_unique":"it_FRFIMRQWCHMS","origin_hook":"displayFooter","child":false}]}]},{"type":"row","sort_order":"2","specific_class":"text-center","id_unique":"it_MVHIRVGWUXDP","child":[{"type":"col","sort_order":"1","specific_class":"","col_xs":"col-xs-12","col_sm":"","col_md":"","col_lg":"","id_unique":"it_SKYFKJQLOJAY","child":[{"type":"block","sort_order":"1","specific_class":"","module_name":"copyright","id_unique":"it_IOBQZRJVVGNE","child":false}]}]}]}]}]},{"type":"row","sort_order":"2","specific_class":"","id_unique":"it_QLZEPZCHQBZX","child":[{"type":"col","sort_order":"1","specific_class":"","col_xs":"col-xs-12","col_sm":"","col_md":"","col_lg":"","id_unique":"it_OKGLAYLJFKZC","child":[{"type":"module","sort_order":"1","specific_class":"","module_name":"blocklayered","id_unique":"it_CIMATILYRBWW","origin_hook":"displayFooter","child":false},{"type":"module","sort_order":"2","specific_class":"","module_name":"statsdata","id_unique":"it_RFCEBUUMLRNF","origin_hook":"displayFooter","child":false},{"type":"module","sort_order":"3","specific_class":"","module_name":"themeconfigurator","id_unique":"it_SECUAVHCGFSJ","origin_hook":"displayFooter","child":false},{"type":"module","sort_order":"4","specific_class":"","module_name":"tmnewsletter","id_unique":"it_MXDLANIKAOAS","origin_hook":"displayFooter","child":false},{"type":"module","sort_order":"5","specific_class":"","module_name":"tmolarkchat","id_unique":"it_EQNVZOQWFIWK","origin_hook":"displayFooter","child":false}]}]}]