[{"type":"row","sort_order":"1","specific_class":"","id_unique":"it_BBNJOTFHZIOX","child":[{"type":"col","sort_order":"1","specific_class":"","col_xs":"col-xs-12","col_sm":"","col_md":"","col_lg":"","id_unique":"it_MHLBKULCVVKK","child":[{"type":"module","sort_order":"1","specific_class":"","module_name":"motopressslider","id_unique":"it_TOSCIVXMNRJS","origin_hook":"displayTopColumn","child":false}]}]},{"type":"wrapper","sort_order":"2","specific_class":"container","id_unique":"it_WBVZRGFJIQZJ","child":[{"type":"row","sort_order":"1","specific_class":"","id_unique":"it_BNFEJPBSJGYX","child":[{"type":"col","sort_order":"1","specific_class":"","col_xs":"col-xs-12","col_sm":"","col_md":"","col_lg":"","id_unique":"it_QUGFTSDIOJSB","child":[{"type":"module","sort_order":"1","specific_class":"","module_name":"tmhtmlcontent","id_unique":"it_VKUNVNCFFYXT","origin_hook":"displayTopColumn","child":false}]}]}]}]