[{"type":"wrapper","sort_order":"1","specific_class":"container nav-section","id_unique":"it_BUEKHNZFVCMN","child":[{"type":"row","sort_order":"1","specific_class":"","id_unique":"it_QTAFIEUENMLT","child":[{"type":"col","sort_order":"1","specific_class":"","col_xs":"col-xs-12","col_sm":"","col_md":"","col_lg":"col-lg-6","id_unique":"it_MCVMQKWVRKJX","child":[{"type":"module","sort_order":"1","specific_class":"","module_name":"blockpermanentlinks","id_unique":"it_GXUHMFMFMWBJ","origin_hook":"displayTop","child":false}]},{"type":"col","sort_order":"2","specific_class":"text-right","col_xs":"col-xs-12","col_sm":"","col_md":"","col_lg":"col-lg-6","id_unique":"it_KLFRIKHBIUVH","child":[{"type":"module","sort_order":"2","specific_class":"","module_name":"blockcurrencies","id_unique":"it_ESKIKAVUPGNL","origin_hook":"displayNav","child":false},{"type":"module","sort_order":"1","specific_class":"","module_name":"blocklanguages","id_unique":"it_HSRHPSFUPQFV","origin_hook":"displayNav","child":false}]}]}]},{"type":"wrapper","sort_order":"2","specific_class":"container padding-none","id_unique":"it_HFJPWWHKJTFM","child":[{"type":"row","sort_order":"1","specific_class":"align-center border-bottom","id_unique":"it_BUASNSONWKQN","child":[{"type":"col","sort_order":"1","specific_class":"position-static","col_xs":"col-xs-12","col_sm":"","col_md":"","col_lg":"col-lg-5","id_unique":"it_XNGDRGVXJNEX","child":[{"type":"module","sort_order":"1","specific_class":"header-account-icon","module_name":"tmheaderaccount","id_unique":"it_MKDLUTQGGHYD","origin_hook":"displayNav","child":false},{"type":"module","sort_order":"2","specific_class":"","module_name":"tmsearch","id_unique":"it_FSXWJMCPJGMJ","origin_hook":"displayTop","child":false}]},{"type":"col","sort_order":"2","specific_class":"text-center","col_xs":"col-xs-12","col_sm":"","col_md":"","col_lg":"col-lg-2","id_unique":"it_CDTHZNVIKLGS","child":[{"type":"block","sort_order":"1","specific_class":"","module_name":"logo","id_unique":"it_ILRGZSHFPBHK","child":false}]},{"type":"col","sort_order":"3","specific_class":"text-right","col_xs":"col-xs-12","col_sm":"","col_md":"","col_lg":"col-lg-5","id_unique":"it_VXQUUCQBMPGI","child":[{"type":"module","sort_order":"2","specific_class":"","module_name":"blockcart","id_unique":"it_GURVMUURODSP","origin_hook":"displayTop","child":false},{"type":"row","sort_order":"1","specific_class":"wishlist-button","id_unique":"it_GMPICULQATMH","child":false}]}]},{"type":"row","sort_order":"2","specific_class":"stick-up","id_unique":"it_EWUBJWPGJIGI","child":[{"type":"col","sort_order":"1","specific_class":"text-center position-static","col_xs":"col-xs-12","col_sm":"","col_md":"","col_lg":"","id_unique":"it_PDHKSSCOHUXL","child":[{"type":"module","sort_order":"1","specific_class":"","module_name":"tmmegamenu","id_unique":"it_JAJBWMDBGQBZ","origin_hook":"displayTop","child":false}]}]}]},{"type":"row","sort_order":"3","specific_class":"","id_unique":"it_COLFCLXCXATW","child":[{"type":"col","sort_order":"1","specific_class":"","col_xs":"col-xs-12","col_sm":"","col_md":"","col_lg":"","id_unique":"it_WKEXSJMRHAGU","child":[{"type":"module","sort_order":"1","specific_class":"","module_name":"pagesnotfound","id_unique":"it_CHJQFJAARKUV","origin_hook":"displayTop","child":false},{"type":"module","sort_order":"2","specific_class":"","module_name":"sekeywords","id_unique":"it_CJFWBWSYFBBL","origin_hook":"displayTop","child":false}]}]}]