[{"type":"row","sort_order":"2","specific_class":"full-width","id_unique":"it_ZANFPVWMDUWI","child":[{"type":"col","sort_order":"1","specific_class":"container","col_xs":"","col_sm":"","col_md":"","col_lg":"col-lg-12","id_unique":"it_HQKUWDBHMSUH","child":[{"type":"module","sort_order":"1","specific_class":"","module_name":"crossselling","id_unique":"it_NAEBYWIUCNXK","origin_hook":"displayFooterProduct","child":false}]}]},{"type":"row","sort_order":"3","specific_class":"","id_unique":"it_FOKCBAYFSHHZ","child":[{"type":"col","sort_order":"1","specific_class":"","col_xs":"col-xs-12","col_sm":"","col_md":"","col_lg":"","id_unique":"it_YEFGQWKKHSEH","child":[{"type":"module","sort_order":"2","specific_class":"","module_name":"tmrelatedproducts","id_unique":"it_HSASJYUMTJDW","origin_hook":"displayFooterProduct","child":false},{"type":"module","sort_order":"1","specific_class":"","module_name":"productscategory","id_unique":"it_AGJNJZFIFSBA","origin_hook":"displayFooterProduct","child":false}]}]}]