[{"type":"row","sort_order":"1","specific_class":"","id_unique":"it_FYSWECMNPLGJ","child":[{"type":"col","sort_order":"1","specific_class":"crossselling-type-2","col_xs":"col-xs-12","col_sm":"","col_md":"","col_lg":"","id_unique":"it_TPAIUMUHYIUI","child":[{"type":"module","sort_order":"1","specific_class":"","module_name":"crossselling","id_unique":"it_THAULWZLCZZX","origin_hook":"displayFooterProduct","child":false}]},{"type":"col","sort_order":"2","specific_class":"","col_xs":"col-xs-12","col_sm":"","col_md":"","col_lg":"","id_unique":"it_HBHOWDVSVPOL","child":[{"type":"module","sort_order":"1","specific_class":"","module_name":"productscategory","id_unique":"it_QAHGRSEMIJWD","origin_hook":"displayFooterProduct","child":false},{"type":"module","sort_order":"2","specific_class":"","module_name":"tmrelatedproducts","id_unique":"it_LZLHRLFGVOMC","origin_hook":"displayFooterProduct","child":false}]}]}]